Datetime,Water Level (m)
2025-11-14 06:00:00,0.52354234
2025-11-14 07:00:00,0.36323085
2025-11-14 08:00:00,0.1740764
2025-11-14 09:00:00,-0.014732992
2025-11-14 10:00:00,-0.2006853
2025-11-14 11:00:00,-0.36698228
2025-11-14 12:00:00,-0.49436533
2025-11-14 13:00:00,-0.5527405
2025-11-14 14:00:00,-0.3221237
2025-11-14 15:00:00,-0.016163448
2025-11-14 16:00:00,0.3026538
2025-11-14 17:00:00,0.55783784
2025-11-14 18:00:00,0.7054991
2025-11-14 19:00:00,0.69250053
2025-11-14 20:00:00,0.49920768
2025-11-14 21:00:00,0.27220255
2025-11-14 22:00:00,0.073759384
2025-11-14 23:00:00,-0.105555885
2025-11-15 00:00:00,-0.26877925
2025-11-15 01:00:00,-0.37694886
2025-11-15 02:00:00,-0.33762828
2025-11-15 03:00:00,-0.073780134
2025-11-15 04:00:00,0.20781884
2025-11-15 05:00:00,0.48460925
2025-11-15 06:00:00,0.63380605
2025-11-15 07:00:00,0.6572593
2025-11-15 08:00:00,0.4945103
2025-11-15 09:00:00,0.26555377
2025-11-15 10:00:00,0.059045542
2025-11-15 11:00:00,-0.12647639
2025-11-15 12:00:00,-0.29582897
2025-11-15 13:00:00,-0.43724626
2025-11-15 14:00:00,-0.4929338
2025-11-15 15:00:00,-0.206783
2025-11-15 16:00:00,0.098328695
2025-11-15 17:00:00,0.44079593
2025-11-15 18:00:00,0.6929564
2025-11-15 19:00:00,0.82743686
2025-11-15 20:00:00,0.77169055
2025-11-15 21:00:00,0.5430598
2025-11-15 22:00:00,0.30803576
2025-11-15 23:00:00,0.10033663
2025-11-16 00:00:00,-0.09208872
2025-11-16 01:00:00,-0.259187
2025-11-16 02:00:00,-0.38995877
2025-11-16 03:00:00,-0.37311104
2025-11-16 04:00:00,-0.057242084
2025-11-16 05:00:00,0.23901728
2025-11-16 06:00:00,0.5249792
2025-11-16 07:00:00,0.64421993
2025-11-16 08:00:00,0.6305118
2025-11-16 09:00:00,0.43934935
2025-11-16 10:00:00,0.2163005
2025-11-16 11:00:00,0.011534513
2025-11-16 12:00:00,-0.1708948
2025-11-16 13:00:00,-0.33303252
2025-11-16 14:00:00,-0.46122116
2025-11-16 15:00:00,-0.40662512
2025-11-16 16:00:00,-0.052382343
2025-11-16 17:00:00,0.27880716
2025-11-16 18:00:00,0.63276845
2025-11-16 19:00:00,0.854165
2025-11-16 20:00:00,0.9479916
2025-11-16 21:00:00,0.7982746
2025-11-16 22:00:00,0.5313914
2025-11-16 23:00:00,0.2919275
2025-11-17 00:00:00,0.08599884
2025-11-17 01:00:00,-0.11482726
2025-11-17 02:00:00,-0.2809277
2025-11-17 03:00:00,-0.40215635
2025-11-17 04:00:00,-0.2724865
2025-11-17 05:00:00,0.06914027
2025-11-17 06:00:00,0.38998413
2025-11-17 07:00:00,0.6316355
2025-11-17 08:00:00,0.69255024
2025-11-17 09:00:00,0.6073945
2025-11-17 10:00:00,0.38336065
2025-11-17 11:00:00,0.16554587
2025-11-17 12:00:00,-0.035169844
2025-11-17 13:00:00,-0.21425739
2025-11-17 14:00:00,-0.3704522
2025-11-17 15:00:00,-0.47279897
2025-11-17 16:00:00,-0.23182395
2025-11-17 17:00:00,0.123447776
2025-11-17 18:00:00,0.5107898
2025-11-17 19:00:00,0.8375039
2025-11-17 20:00:00,1.0098209
2025-11-17 21:00:00,0.98822254
2025-11-17 22:00:00,0.737318
2025-11-17 23:00:00,0.46776256
2025-11-18 00:00:00,0.23965438
2025-11-18 01:00:00,0.029335203
2025-11-18 02:00:00,-0.1640107
2025-11-18 03:00:00,-0.32381257
2025-11-18 04:00:00,-0.40780663
2025-11-18 05:00:00,-0.11377883
2025-11-18 06:00:00,0.20062515
2025-11-18 07:00:00,0.5350092
2025-11-18 08:00:00,0.6957427
2025-11-18 09:00:00,0.7056155
2025-11-18 10:00:00,0.54083407
2025-11-18 11:00:00,0.30922398
2025-11-18 12:00:00,0.09355731
2025-11-18 13:00:00,-0.10281452
2025-11-18 14:00:00,-0.27453455
2025-11-18 15:00:00,-0.4215119
2025-11-18 16:00:00,-0.43145445
2025-11-18 17:00:00,-0.010535363
2025-11-18 18:00:00,0.35418
2025-11-18 19:00:00,0.76186055
2025-11-18 20:00:00,1.0073994
2025-11-18 21:00:00,1.1203483
2025-11-18 22:00:00,0.9540348
2025-11-18 23:00:00,0.6644535
2025-11-19 00:00:00,0.408063
2025-11-19 01:00:00,0.19046335
2025-11-19 02:00:00,-0.02929034
2025-11-19 03:00:00,-0.21151942
2025-11-19 04:00:00,-0.3611089
2025-11-19 05:00:00,-0.3258077
2025-11-19 06:00:00,0.06773426
2025-11-19 07:00:00,0.4023862
2025-11-19 08:00:00,0.68399066
2025-11-19 09:00:00,0.7446822
2025-11-19 10:00:00,0.6722233
2025-11-19 11:00:00,0.44329312
2025-11-19 12:00:00,0.21747625
2025-11-19 13:00:00,0.007841698
2025-11-19 14:00:00,-0.17352812
2025-11-19 15:00:00,-0.33723906
2025-11-19 16:00:00,-0.4575072
2025-11-19 17:00:00,-0.2264453
2025-11-19 18:00:00,0.18036982
2025-11-19 19:00:00,0.60319775
2025-11-19 20:00:00,0.96406615
2025-11-19 21:00:00,1.1542565
2025-11-19 22:00:00,1.133038
2025-11-19 23:00:00,0.8628171
2025-11-20 00:00:00,0.5753594
2025-11-20 01:00:00,0.33689186
2025-11-20 02:00:00,0.113390386
2025-11-20 03:00:00,-0.09915211
2025-11-20 04:00:00,-0.26944962
2025-11-20 05:00:00,-0.3878152
2025-11-20 06:00:00,-0.13285224
